threshold_pct,consecutive_days,prediction_horizon_days,prediction_opportunities,positive_events,negative_events,event_rate,participants_with_events,median_events_per_participant
60,1,1,1083,90,993,0.0831,5,2.0
60,2,1,1083,0,1083,0.0,0,0.0
60,3,1,1083,0,1083,0.0,0,0.0
60,1,3,1053,116,937,0.1102,5,6.0
60,2,3,1053,76,977,0.0722,2,38.0
60,3,3,1053,71,982,0.0674,1,71.0
60,1,7,1001,157,844,0.1568,5,14.0
60,2,7,1001,81,920,0.0809,2,40.5
60,3,7,1001,74,927,0.0739,1,74.0
60,1,14,916,193,723,0.2107,5,26.0
60,2,14,916,81,835,0.0884,2,40.5
60,3,14,916,74,842,0.0808,1,74.0
70,1,1,1083,135,948,0.1247,10,4.5
70,2,1,1083,0,1083,0.0,0,0.0
70,3,1,1083,0,1083,0.0,0,0.0
70,1,3,1053,212,841,0.2013,9,10.0
70,2,3,1053,98,955,0.0931,6,3.0
70,3,3,1053,81,972,0.0769,2,40.5
70,1,7,1001,316,685,0.3157,9,22.0
70,2,7,1001,125,876,0.1249,6,7.0
70,3,7,1001,93,908,0.0929,2,46.5
70,1,14,916,408,508,0.4454,9,28.0
70,2,14,916,157,759,0.1714,6,13.0
70,3,14,916,107,809,0.1168,2,53.5
75,1,1,1083,220,863,0.2031,10,11.0
75,2,1,1083,0,1083,0.0,0,0.0
75,3,1,1083,0,1083,0.0,0,0.0
75,1,3,1053,358,695,0.34,9,36.0
75,2,3,1053,165,888,0.1567,8,5.5
75,3,3,1053,104,949,0.0988,4,14.5
75,1,7,1001,496,505,0.4955,9,59.0
75,2,7,1001,252,749,0.2517,8,15.0
75,3,7,1001,152,849,0.1518,4,38.0
75,1,14,916,577,339,0.6299,9,76.0
75,2,14,916,342,574,0.3734,8,32.5
75,3,14,916,181,735,0.1976,4,50.0
80,1,1,1083,352,731,0.325,11,11.0
80,2,1,1083,0,1083,0.0,0,0.0
80,3,1,1083,0,1083,0.0,0,0.0
80,1,3,1053,521,532,0.4948,10,41.5
80,2,3,1053,287,766,0.2726,8,18.0
80,3,3,1053,191,862,0.1814,8,5.0
80,1,7,1001,648,353,0.6474,10,65.5
80,2,7,1001,413,588,0.4126,8,41.0
80,3,7,1001,297,704,0.2967,8,12.5
80,1,14,916,673,243,0.7347,10,77.5
80,2,14,916,514,402,0.5611,8,58.0
80,3,14,916,370,546,0.4039,8,26.5
85,1,1,1083,558,525,0.5152,12,25.0
85,2,1,1083,0,1083,0.0,0,0.0
85,3,1,1083,0,1083,0.0,0,0.0
85,1,3,1053,739,314,0.7018,11,50.0
85,2,3,1053,486,567,0.4615,9,26.0
85,3,3,1053,366,687,0.3476,9,10.0
85,1,7,1001,822,179,0.8212,11,80.0
85,2,7,1001,617,384,0.6164,9,55.0
85,3,7,1001,503,498,0.5025,9,28.0
85,1,14,916,839,77,0.9159,11,97.0
85,2,14,916,638,278,0.6965,9,75.0
85,3,14,916,551,365,0.6015,9,50.0
90,1,1,1083,734,349,0.6777,13,35.0
90,2,1,1083,0,1083,0.0,0,0.0
90,3,1,1083,0,1083,0.0,0,0.0
90,1,3,1053,874,179,0.83,12,62.0
90,2,3,1053,681,372,0.6467,11,46.0
90,3,3,1053,555,498,0.5271,9,29.0
90,1,7,1001,925,76,0.9241,12,79.5
90,2,7,1001,796,205,0.7952,11,76.0
90,3,7,1001,679,322,0.6783,9,57.0
90,1,14,916,893,23,0.9749,11,97.0
90,2,14,916,802,114,0.8755,10,98.0
90,3,14,916,713,203,0.7784,9,78.0
